rss,vms,shared,text,lib,data,dirty,brand_raw,vendor_id_raw,arch,count,l2_cache_size,l3_cache_size,hz_actual_friendly,hz_advertised_friendly,l2_cache_line_size,l2_cache_associativity,benchmark
2961408,42909696,2334720,28672,0,282624,0,Intel(R) Xeon(R) Gold 6330 CPU @ 2.00GHz,GenuineIntel,X86_64,56,73400320,44040192,2.0000 GHz,2.0000 GHz,256,6,KNP
103501824,144216064,7651328,28672,0,101609472,0,Intel(R) Xeon(R) Gold 6330 CPU @ 2.00GHz,GenuineIntel,X86_64,56,73400320,44040192,2.0000 GHz,2.0000 GHz,256,6,KNP
105664512,146243584,7651328,28672,0,103636992,0,Intel(R) Xeon(R) Gold 6330 CPU @ 2.00GHz,GenuineIntel,X86_64,56,73400320,44040192,2.0000 GHz,2.0000 GHz,256,6,KNP
108097536,148676608,7651328,28672,0,106070016,0,Intel(R) Xeon(R) Gold 6330 CPU @ 2.00GHz,GenuineIntel,X86_64,56,73400320,44040192,2.0000 GHz,2.0000 GHz,256,6,KNP
112353280,150974464,7651328,28672,0,108367872,0,Intel(R) Xeon(R) Gold 6330 CPU @ 2.00GHz,GenuineIntel,X86_64,56,73400320,44040192,2.0000 GHz,2.0000 GHz,256,6,KNP
115056640,153677824,7651328,28672,0,111071232,0,Intel(R) Xeon(R) Gold 6330 CPU @ 2.00GHz,GenuineIntel,X86_64,56,73400320,44040192,2.0000 GHz,2.0000 GHz,256,6,KNP
118030336,156651520,7651328,28672,0,114044928,0,Intel(R) Xeon(R) Gold 6330 CPU @ 2.00GHz,GenuineIntel,X86_64,56,73400320,44040192,2.0000 GHz,2.0000 GHz,256,6,KNP
121544704,160030720,7651328,28672,0,117424128,0,Intel(R) Xeon(R) Gold 6330 CPU @ 2.00GHz,GenuineIntel,X86_64,56,73400320,44040192,2.0000 GHz,2.0000 GHz,256,6,KNP
125870080,164356096,7651328,28672,0,121749504,0,Intel(R) Xeon(R) Gold 6330 CPU @ 2.00GHz,GenuineIntel,X86_64,56,73400320,44040192,2.0000 GHz,2.0000 GHz,256,6,KNP
131477504,168005632,7651328,28672,0,125399040,0,Intel(R) Xeon(R) Gold 6330 CPU @ 2.00GHz,GenuineIntel,X86_64,56,73400320,44040192,2.0000 GHz,2.0000 GHz,256,6,KNP
136744960,176640000,7651328,28672,0,134033408,0,Intel(R) Xeon(R) Gold 6330 CPU @ 2.00GHz,GenuineIntel,X86_64,56,73400320,44040192,2.0000 GHz,2.0000 GHz,256,6,KNP
139988992,179748864,7651328,28672,0,137142272,0,Intel(R) Xeon(R) Gold 6330 CPU @ 2.00GHz,GenuineIntel,X86_64,56,73400320,44040192,2.0000 GHz,2.0000 GHz,256,6,KNP
144314368,184209408,7651328,28672,0,141602816,0,Intel(R) Xeon(R) Gold 6330 CPU @ 2.00GHz,GenuineIntel,X86_64,56,73400320,44040192,2.0000 GHz,2.0000 GHz,256,6,KNP
148369408,188129280,7651328,28672,0,145522688,0,Intel(R) Xeon(R) Gold 6330 CPU @ 2.00GHz,GenuineIntel,X86_64,56,73400320,44040192,2.0000 GHz,2.0000 GHz,256,6,KNP
152965120,192184320,7651328,28672,0,149577728,0,Intel(R) Xeon(R) Gold 6330 CPU @ 2.00GHz,GenuineIntel,X86_64,56,73400320,44040192,2.0000 GHz,2.0000 GHz,256,6,KNP
157290496,196104192,7651328,28672,0,153497600,0,Intel(R) Xeon(R) Gold 6330 CPU @ 2.00GHz,GenuineIntel,X86_64,56,73400320,44040192,2.0000 GHz,2.0000 GHz,256,6,KNP
161886208,200294400,7651328,28672,0,157687808,0,Intel(R) Xeon(R) Gold 6330 CPU @ 2.00GHz,GenuineIntel,X86_64,56,73400320,44040192,2.0000 GHz,2.0000 GHz,256,6,KNP
169353216,221802496,7651328,28672,0,179195904,0,Intel(R) Xeon(R) Gold 6330 CPU @ 2.00GHz,GenuineIntel,X86_64,56,73400320,44040192,2.0000 GHz,2.0000 GHz,256,6,KNP
176312320,226668544,7651328,28672,0,184061952,0,Intel(R) Xeon(R) Gold 6330 CPU @ 2.00GHz,GenuineIntel,X86_64,56,73400320,44040192,2.0000 GHz,2.0000 GHz,256,6,KNP
180367360,230588416,7651328,28672,0,187981824,0,Intel(R) Xeon(R) Gold 6330 CPU @ 2.00GHz,GenuineIntel,X86_64,56,73400320,44040192,2.0000 GHz,2.0000 GHz,256,6,KNP
184963072,235184128,7651328,28672,0,192577536,0,Intel(R) Xeon(R) Gold 6330 CPU @ 2.00GHz,GenuineIntel,X86_64,56,73400320,44040192,2.0000 GHz,2.0000 GHz,256,6,KNP
191651840,239779840,7651328,28672,0,197173248,0,Intel(R) Xeon(R) Gold 6330 CPU @ 2.00GHz,GenuineIntel,X86_64,56,73400320,44040192,2.0000 GHz,2.0000 GHz,256,6,KNP
196517888,244645888,7651328,28672,0,202039296,0,Intel(R) Xeon(R) Gold 6330 CPU @ 2.00GHz,GenuineIntel,X86_64,56,73400320,44040192,2.0000 GHz,2.0000 GHz,256,6,KNP
201654272,249917440,7651328,28672,0,207310848,0,Intel(R) Xeon(R) Gold 6330 CPU @ 2.00GHz,GenuineIntel,X86_64,56,73400320,44040192,2.0000 GHz,2.0000 GHz,256,6,KNP
206630912,254783488,7651328,28672,0,212176896,0,Intel(R) Xeon(R) Gold 6330 CPU @ 2.00GHz,GenuineIntel,X86_64,56,73400320,44040192,2.0000 GHz,2.0000 GHz,256,6,KNP
215269376,261271552,7651328,28672,0,218664960,0,Intel(R) Xeon(R) Gold 6330 CPU @ 2.00GHz,GenuineIntel,X86_64,56,73400320,44040192,2.0000 GHz,2.0000 GHz,256,6,KNP
220520448,266407936,7651328,28672,0,223801344,0,Intel(R) Xeon(R) Gold 6330 CPU @ 2.00GHz,GenuineIntel,X86_64,56,73400320,44040192,2.0000 GHz,2.0000 GHz,256,6,KNP
226365440,272355328,7651328,28672,0,229748736,0,Intel(R) Xeon(R) Gold 6330 CPU @ 2.00GHz,GenuineIntel,X86_64,56,73400320,44040192,2.0000 GHz,2.0000 GHz,256,6,KNP
234762240,278708224,7651328,28672,0,236101632,0,Intel(R) Xeon(R) Gold 6330 CPU @ 2.00GHz,GenuineIntel,X86_64,56,73400320,44040192,2.0000 GHz,2.0000 GHz,256,6,KNP
241262592,285061120,7651328,28672,0,242454528,0,Intel(R) Xeon(R) Gold 6330 CPU @ 2.00GHz,GenuineIntel,X86_64,56,73400320,44040192,2.0000 GHz,2.0000 GHz,256,6,KNP
249221120,291008512,7651328,28672,0,248401920,0,Intel(R) Xeon(R) Gold 6330 CPU @ 2.00GHz,GenuineIntel,X86_64,56,73400320,44040192,2.0000 GHz,2.0000 GHz,256,6,KNP
255725568,297631744,7651328,28672,0,255025152,0,Intel(R) Xeon(R) Gold 6330 CPU @ 2.00GHz,GenuineIntel,X86_64,56,73400320,44040192,2.0000 GHz,2.0000 GHz,256,6,KNP
261869568,303579136,7651328,28672,0,260972544,0,Intel(R) Xeon(R) Gold 6330 CPU @ 2.00GHz,GenuineIntel,X86_64,56,73400320,44040192,2.0000 GHz,2.0000 GHz,256,6,KNP
271138816,310878208,7651328,28672,0,268271616,0,Intel(R) Xeon(R) Gold 6330 CPU @ 2.00GHz,GenuineIntel,X86_64,56,73400320,44040192,2.0000 GHz,2.0000 GHz,256,6,KNP
280539136,320069632,7651328,28672,0,277463040,0,Intel(R) Xeon(R) Gold 6330 CPU @ 2.00GHz,GenuineIntel,X86_64,56,73400320,44040192,2.0000 GHz,2.0000 GHz,256,6,KNP
290578432,327909376,7651328,28672,0,285302784,0,Intel(R) Xeon(R) Gold 6330 CPU @ 2.00GHz,GenuineIntel,X86_64,56,73400320,44040192,2.0000 GHz,2.0000 GHz,256,6,KNP
297938944,335073280,7651328,28672,0,292466688,0,Intel(R) Xeon(R) Gold 6330 CPU @ 2.00GHz,GenuineIntel,X86_64,56,73400320,44040192,2.0000 GHz,2.0000 GHz,256,6,KNP
305233920,341831680,7651328,28672,0,299225088,0,Intel(R) Xeon(R) Gold 6330 CPU @ 2.00GHz,GenuineIntel,X86_64,56,73400320,44040192,2.0000 GHz,2.0000 GHz,256,6,KNP
314441728,349941760,7651328,28672,0,307335168,0,Intel(R) Xeon(R) Gold 6330 CPU @ 2.00GHz,GenuineIntel,X86_64,56,73400320,44040192,2.0000 GHz,2.0000 GHz,256,6,KNP
323854336,390119424,7651328,28672,0,347512832,0,Intel(R) Xeon(R) Gold 6330 CPU @ 2.00GHz,GenuineIntel,X86_64,56,73400320,44040192,2.0000 GHz,2.0000 GHz,256,6,KNP
332681216,398635008,7651328,28672,0,356028416,0,Intel(R) Xeon(R) Gold 6330 CPU @ 2.00GHz,GenuineIntel,X86_64,56,73400320,44040192,2.0000 GHz,2.0000 GHz,256,6,KNP
343875584,407691264,7651328,28672,0,365084672,0,Intel(R) Xeon(R) Gold 6330 CPU @ 2.00GHz,GenuineIntel,X86_64,56,73400320,44040192,2.0000 GHz,2.0000 GHz,256,6,KNP
357138432,427900928,7651328,28672,0,385294336,0,Intel(R) Xeon(R) Gold 6330 CPU @ 2.00GHz,GenuineIntel,X86_64,56,73400320,44040192,2.0000 GHz,2.0000 GHz,256,6,KNP
366747648,435605504,7651328,28672,0,392998912,0,Intel(R) Xeon(R) Gold 6330 CPU @ 2.00GHz,GenuineIntel,X86_64,56,73400320,44040192,2.0000 GHz,2.0000 GHz,256,6,KNP
376250368,444932096,7651328,28672,0,402325504,0,Intel(R) Xeon(R) Gold 6330 CPU @ 2.00GHz,GenuineIntel,X86_64,56,73400320,44040192,2.0000 GHz,2.0000 GHz,256,6,KNP
388239360,454934528,7651328,28672,0,412327936,0,Intel(R) Xeon(R) Gold 6330 CPU @ 2.00GHz,GenuineIntel,X86_64,56,73400320,44040192,2.0000 GHz,2.0000 GHz,256,6,KNP
397344768,463855616,7651328,28672,0,421249024,0,Intel(R) Xeon(R) Gold 6330 CPU @ 2.00GHz,GenuineIntel,X86_64,56,73400320,44040192,2.0000 GHz,2.0000 GHz,256,6,KNP
407703552,472100864,7651328,28672,0,429494272,0,Intel(R) Xeon(R) Gold 6330 CPU @ 2.00GHz,GenuineIntel,X86_64,56,73400320,44040192,2.0000 GHz,2.0000 GHz,256,6,KNP
416608256,481157120,7651328,28672,0,438550528,0,Intel(R) Xeon(R) Gold 6330 CPU @ 2.00GHz,GenuineIntel,X86_64,56,73400320,44040192,2.0000 GHz,2.0000 GHz,256,6,KNP
427540480,489807872,7651328,28672,0,447201280,0,Intel(R) Xeon(R) Gold 6330 CPU @ 2.00GHz,GenuineIntel,X86_64,56,73400320,44040192,2.0000 GHz,2.0000 GHz,256,6,KNP
440700928,501026816,7651328,28672,0,458420224,0,Intel(R) Xeon(R) Gold 6330 CPU @ 2.00GHz,GenuineIntel,X86_64,56,73400320,44040192,2.0000 GHz,2.0000 GHz,256,6,KNP
452628480,512921600,7651328,28672,0,470315008,0,Intel(R) Xeon(R) Gold 6330 CPU @ 2.00GHz,GenuineIntel,X86_64,56,73400320,44040192,2.0000 GHz,2.0000 GHz,256,6,KNP
467120128,525357056,7651328,28672,0,482750464,0,Intel(R) Xeon(R) Gold 6330 CPU @ 2.00GHz,GenuineIntel,X86_64,56,73400320,44040192,2.0000 GHz,2.0000 GHz,256,6,KNP
481505280,535494656,7651328,28672,0,492888064,0,Intel(R) Xeon(R) Gold 6330 CPU @ 2.00GHz,GenuineIntel,X86_64,56,73400320,44040192,2.0000 GHz,2.0000 GHz,256,6,KNP
492601344,546578432,7651328,28672,0,503971840,0,Intel(R) Xeon(R) Gold 6330 CPU @ 2.00GHz,GenuineIntel,X86_64,56,73400320,44040192,2.0000 GHz,2.0000 GHz,256,6,KNP
508059648,559960064,7651328,28672,0,517353472,0,Intel(R) Xeon(R) Gold 6330 CPU @ 2.00GHz,GenuineIntel,X86_64,56,73400320,44040192,2.0000 GHz,2.0000 GHz,256,6,KNP
522948608,572665856,7651328,28672,0,530059264,0,Intel(R) Xeon(R) Gold 6330 CPU @ 2.00GHz,GenuineIntel,X86_64,56,73400320,44040192,2.0000 GHz,2.0000 GHz,256,6,KNP
537145344,584830976,7651328,28672,0,542224384,0,Intel(R) Xeon(R) Gold 6330 CPU @ 2.00GHz,GenuineIntel,X86_64,56,73400320,44040192,2.0000 GHz,2.0000 GHz,256,6,KNP
550973440,598618112,7651328,28672,0,556011520,0,Intel(R) Xeon(R) Gold 6330 CPU @ 2.00GHz,GenuineIntel,X86_64,56,73400320,44040192,2.0000 GHz,2.0000 GHz,256,6,KNP
570363904,615919616,7651328,28672,0,573313024,0,Intel(R) Xeon(R) Gold 6330 CPU @ 2.00GHz,GenuineIntel,X86_64,56,73400320,44040192,2.0000 GHz,2.0000 GHz,256,6,KNP
588128256,631734272,7651328,28672,0,589127680,0,Intel(R) Xeon(R) Gold 6330 CPU @ 2.00GHz,GenuineIntel,X86_64,56,73400320,44040192,2.0000 GHz,2.0000 GHz,256,6,KNP
607698944,649035776,7651328,28672,0,606429184,0,Intel(R) Xeon(R) Gold 6330 CPU @ 2.00GHz,GenuineIntel,X86_64,56,73400320,44040192,2.0000 GHz,2.0000 GHz,256,6,KNP
629403648,798261248,7651328,28672,0,755654656,0,Intel(R) Xeon(R) Gold 6330 CPU @ 2.00GHz,GenuineIntel,X86_64,56,73400320,44040192,2.0000 GHz,2.0000 GHz,256,6,KNP
639397888,743718912,7651328,28672,0,701112320,0,Intel(R) Xeon(R) Gold 6330 CPU @ 2.00GHz,GenuineIntel,X86_64,56,73400320,44040192,2.0000 GHz,2.0000 GHz,256,6,KNP
657473536,759803904,7651328,28672,0,717197312,0,Intel(R) Xeon(R) Gold 6330 CPU @ 2.00GHz,GenuineIntel,X86_64,56,73400320,44040192,2.0000 GHz,2.0000 GHz,256,6,KNP
674058240,774131712,7651328,28672,0,731525120,0,Intel(R) Xeon(R) Gold 6330 CPU @ 2.00GHz,GenuineIntel,X86_64,56,73400320,44040192,2.0000 GHz,2.0000 GHz,256,6,KNP
691945472,789946368,7651328,28672,0,747339776,0,Intel(R) Xeon(R) Gold 6330 CPU @ 2.00GHz,GenuineIntel,X86_64,56,73400320,44040192,2.0000 GHz,2.0000 GHz,256,6,KNP
713003008,808869888,7651328,28672,0,766263296,0,Intel(R) Xeon(R) Gold 6330 CPU @ 2.00GHz,GenuineIntel,X86_64,56,73400320,44040192,2.0000 GHz,2.0000 GHz,256,6,KNP
738844672,832794624,7651328,28672,0,790188032,0,Intel(R) Xeon(R) Gold 6330 CPU @ 2.00GHz,GenuineIntel,X86_64,56,73400320,44040192,2.0000 GHz,2.0000 GHz,256,6,KNP
761438208,851312640,7651328,28672,0,808706048,0,Intel(R) Xeon(R) Gold 6330 CPU @ 2.00GHz,GenuineIntel,X86_64,56,73400320,44040192,2.0000 GHz,2.0000 GHz,256,6,KNP
782094336,869560320,7651328,28672,0,826953728,0,Intel(R) Xeon(R) Gold 6330 CPU @ 2.00GHz,GenuineIntel,X86_64,56,73400320,44040192,2.0000 GHz,2.0000 GHz,256,6,KNP
804880384,890376192,7651328,28672,0,847769600,0,Intel(R) Xeon(R) Gold 6330 CPU @ 2.00GHz,GenuineIntel,X86_64,56,73400320,44040192,2.0000 GHz,2.0000 GHz,256,6,KNP
829906944,913354752,7651328,28672,0,870748160,0,Intel(R) Xeon(R) Gold 6330 CPU @ 2.00GHz,GenuineIntel,X86_64,56,73400320,44040192,2.0000 GHz,2.0000 GHz,256,6,KNP
856514560,935657472,7651328,28672,0,893050880,0,Intel(R) Xeon(R) Gold 6330 CPU @ 2.00GHz,GenuineIntel,X86_64,56,73400320,44040192,2.0000 GHz,2.0000 GHz,256,6,KNP
883109888,960258048,7651328,28672,0,917651456,0,Intel(R) Xeon(R) Gold 6330 CPU @ 2.00GHz,GenuineIntel,X86_64,56,73400320,44040192,2.0000 GHz,2.0000 GHz,256,6,KNP
915996672,986750976,7651328,28672,0,944144384,0,Intel(R) Xeon(R) Gold 6330 CPU @ 2.00GHz,GenuineIntel,X86_64,56,73400320,44040192,2.0000 GHz,2.0000 GHz,256,6,KNP
943276032,1012027392,7651328,28672,0,969420800,0,Intel(R) Xeon(R) Gold 6330 CPU @ 2.00GHz,GenuineIntel,X86_64,56,73400320,44040192,2.0000 GHz,2.0000 GHz,256,6,KNP
968638464,1035276288,7651328,28672,0,992669696,0,Intel(R) Xeon(R) Gold 6330 CPU @ 2.00GHz,GenuineIntel,X86_64,56,73400320,44040192,2.0000 GHz,2.0000 GHz,256,6,KNP
995799040,1058254848,7651328,28672,0,1015648256,0,Intel(R) Xeon(R) Gold 6330 CPU @ 2.00GHz,GenuineIntel,X86_64,56,73400320,44040192,2.0000 GHz,2.0000 GHz,256,6,KNP
1022799872,1083125760,7651328,28672,0,1040519168,0,Intel(R) Xeon(R) Gold 6330 CPU @ 2.00GHz,GenuineIntel,X86_64,56,73400320,44040192,2.0000 GHz,2.0000 GHz,256,6,KNP
1053024256,1109213184,7651328,28672,0,1066606592,0,Intel(R) Xeon(R) Gold 6330 CPU @ 2.00GHz,GenuineIntel,X86_64,56,73400320,44040192,2.0000 GHz,2.0000 GHz,256,6,KNP
1079361536,1133408256,7651328,28672,0,1090801664,0,Intel(R) Xeon(R) Gold 6330 CPU @ 2.00GHz,GenuineIntel,X86_64,56,73400320,44040192,2.0000 GHz,2.0000 GHz,256,6,KNP
1113214976,1163010048,7651328,28672,0,1120403456,0,Intel(R) Xeon(R) Gold 6330 CPU @ 2.00GHz,GenuineIntel,X86_64,56,73400320,44040192,2.0000 GHz,2.0000 GHz,256,6,KNP
1151029248,1196666880,7651328,28672,0,1154060288,0,Intel(R) Xeon(R) Gold 6330 CPU @ 2.00GHz,GenuineIntel,X86_64,56,73400320,44040192,2.0000 GHz,2.0000 GHz,256,6,KNP
1189265408,1230729216,7651328,28672,0,1188122624,0,Intel(R) Xeon(R) Gold 6330 CPU @ 2.00GHz,GenuineIntel,X86_64,56,73400320,44040192,2.0000 GHz,2.0000 GHz,256,6,KNP
1223077888,1261547520,7651328,28672,0,1218940928,0,Intel(R) Xeon(R) Gold 6330 CPU @ 2.00GHz,GenuineIntel,X86_64,56,73400320,44040192,2.0000 GHz,2.0000 GHz,256,6,KNP
1255436288,1422663680,7651328,28672,0,1380057088,0,Intel(R) Xeon(R) Gold 6330 CPU @ 2.00GHz,GenuineIntel,X86_64,56,73400320,44040192,2.0000 GHz,2.0000 GHz,256,6,KNP
1295306752,1458348032,7651328,28672,0,1415741440,0,Intel(R) Xeon(R) Gold 6330 CPU @ 2.00GHz,GenuineIntel,X86_64,56,73400320,44040192,2.0000 GHz,2.0000 GHz,256,6,KNP
1333420032,1492275200,7651328,28672,0,1449668608,0,Intel(R) Xeon(R) Gold 6330 CPU @ 2.00GHz,GenuineIntel,X86_64,56,73400320,44040192,2.0000 GHz,2.0000 GHz,256,6,KNP
1373417472,1528094720,7651328,28672,0,1485488128,0,Intel(R) Xeon(R) Gold 6330 CPU @ 2.00GHz,GenuineIntel,X86_64,56,73400320,44040192,2.0000 GHz,2.0000 GHz,256,6,KNP
1419505664,1569996800,7651328,28672,0,1527390208,0,Intel(R) Xeon(R) Gold 6330 CPU @ 2.00GHz,GenuineIntel,X86_64,56,73400320,44040192,2.0000 GHz,2.0000 GHz,256,6,KNP
1463033856,1607168000,7651328,28672,0,1564561408,0,Intel(R) Xeon(R) Gold 6330 CPU @ 2.00GHz,GenuineIntel,X86_64,56,73400320,44040192,2.0000 GHz,2.0000 GHz,256,6,KNP
1502670848,1642582016,7684096,28672,0,1599975424,0,Intel(R) Xeon(R) Gold 6330 CPU @ 2.00GHz,GenuineIntel,X86_64,56,73400320,44040192,2.0000 GHz,2.0000 GHz,256,6,KNP
172032,37462016,126976,16384,0,212992,0,Intel(R) Xeon(R) Gold 6330 CPU @ 2.00GHz,GenuineIntel,X86_64,56,73400320,44040192,2.0000 GHz,2.0000 GHz,256,6,N_Queens
10375168,44818432,7745536,16384,0,2232320,0,Intel(R) Xeon(R) Gold 6330 CPU @ 2.00GHz,GenuineIntel,X86_64,56,73400320,44040192,2.0000 GHz,2.0000 GHz,256,6,N_Queens
10375168,44818432,7745536,16384,0,2232320,0,Intel(R) Xeon(R) Gold 6330 CPU @ 2.00GHz,GenuineIntel,X86_64,56,73400320,44040192,2.0000 GHz,2.0000 GHz,256,6,N_Queens
10375168,44818432,7745536,16384,0,2232320,0,Intel(R) Xeon(R) Gold 6330 CPU @ 2.00GHz,GenuineIntel,X86_64,56,73400320,44040192,2.0000 GHz,2.0000 GHz,256,6,N_Queens
10375168,44818432,7745536,16384,0,2232320,0,Intel(R) Xeon(R) Gold 6330 CPU @ 2.00GHz,GenuineIntel,X86_64,56,73400320,44040192,2.0000 GHz,2.0000 GHz,256,6,N_Queens
10375168,44818432,7745536,16384,0,2232320,0,Intel(R) Xeon(R) Gold 6330 CPU @ 2.00GHz,GenuineIntel,X86_64,56,73400320,44040192,2.0000 GHz,2.0000 GHz,256,6,N_Queens
10375168,44818432,7745536,16384,0,2232320,0,Intel(R) Xeon(R) Gold 6330 CPU @ 2.00GHz,GenuineIntel,X86_64,56,73400320,44040192,2.0000 GHz,2.0000 GHz,256,6,N_Queens
10375168,44818432,7745536,16384,0,2232320,0,Intel(R) Xeon(R) Gold 6330 CPU @ 2.00GHz,GenuineIntel,X86_64,56,73400320,44040192,2.0000 GHz,2.0000 GHz,256,6,N_Queens
10375168,44818432,7745536,16384,0,2232320,0,Intel(R) Xeon(R) Gold 6330 CPU @ 2.00GHz,GenuineIntel,X86_64,56,73400320,44040192,2.0000 GHz,2.0000 GHz,256,6,N_Queens
10375168,44818432,7745536,16384,0,2232320,0,Intel(R) Xeon(R) Gold 6330 CPU @ 2.00GHz,GenuineIntel,X86_64,56,73400320,44040192,2.0000 GHz,2.0000 GHz,256,6,N_Queens
10375168,44818432,7745536,16384,0,2232320,0,Intel(R) Xeon(R) Gold 6330 CPU @ 2.00GHz,GenuineIntel,X86_64,56,73400320,44040192,2.0000 GHz,2.0000 GHz,256,6,N_Queens
10375168,44818432,7745536,16384,0,2232320,0,Intel(R) Xeon(R) Gold 6330 CPU @ 2.00GHz,GenuineIntel,X86_64,56,73400320,44040192,2.0000 GHz,2.0000 GHz,256,6,N_Queens
10375168,44818432,7745536,16384,0,2232320,0,Intel(R) Xeon(R) Gold 6330 CPU @ 2.00GHz,GenuineIntel,X86_64,56,73400320,44040192,2.0000 GHz,2.0000 GHz,256,6,N_Queens
10375168,44818432,7745536,16384,0,2232320,0,Intel(R) Xeon(R) Gold 6330 CPU @ 2.00GHz,GenuineIntel,X86_64,56,73400320,44040192,2.0000 GHz,2.0000 GHz,256,6,N_Queens
10375168,44818432,7745536,16384,0,2232320,0,Intel(R) Xeon(R) Gold 6330 CPU @ 2.00GHz,GenuineIntel,X86_64,56,73400320,44040192,2.0000 GHz,2.0000 GHz,256,6,N_Queens
10375168,44818432,7745536,16384,0,2232320,0,Intel(R) Xeon(R) Gold 6330 CPU @ 2.00GHz,GenuineIntel,X86_64,56,73400320,44040192,2.0000 GHz,2.0000 GHz,256,6,N_Queens
10375168,44818432,7745536,16384,0,2232320,0,Intel(R) Xeon(R) Gold 6330 CPU @ 2.00GHz,GenuineIntel,X86_64,56,73400320,44040192,2.0000 GHz,2.0000 GHz,256,6,N_Queens
10375168,44818432,7745536,16384,0,2232320,0,Intel(R) Xeon(R) Gold 6330 CPU @ 2.00GHz,GenuineIntel,X86_64,56,73400320,44040192,2.0000 GHz,2.0000 GHz,256,6,N_Queens
10375168,44818432,7745536,16384,0,2232320,0,Intel(R) Xeon(R) Gold 6330 CPU @ 2.00GHz,GenuineIntel,X86_64,56,73400320,44040192,2.0000 GHz,2.0000 GHz,256,6,N_Queens
10375168,44818432,7745536,16384,0,2232320,0,Intel(R) Xeon(R) Gold 6330 CPU @ 2.00GHz,GenuineIntel,X86_64,56,73400320,44040192,2.0000 GHz,2.0000 GHz,256,6,N_Queens
10375168,44818432,7745536,16384,0,2232320,0,Intel(R) Xeon(R) Gold 6330 CPU @ 2.00GHz,GenuineIntel,X86_64,56,73400320,44040192,2.0000 GHz,2.0000 GHz,256,6,N_Queens
10375168,44818432,7745536,16384,0,2232320,0,Intel(R) Xeon(R) Gold 6330 CPU @ 2.00GHz,GenuineIntel,X86_64,56,73400320,44040192,2.0000 GHz,2.0000 GHz,256,6,N_Queens
10412032,44818432,7770112,16384,0,2232320,0,Intel(R) Xeon(R) Gold 6330 CPU @ 2.00GHz,GenuineIntel,X86_64,56,73400320,44040192,2.0000 GHz,2.0000 GHz,256,6,N_Queens
10412032,44818432,7770112,16384,0,2232320,0,Intel(R) Xeon(R) Gold 6330 CPU @ 2.00GHz,GenuineIntel,X86_64,56,73400320,44040192,2.0000 GHz,2.0000 GHz,256,6,N_Queens
10412032,44818432,7770112,16384,0,2232320,0,Intel(R) Xeon(R) Gold 6330 CPU @ 2.00GHz,GenuineIntel,X86_64,56,73400320,44040192,2.0000 GHz,2.0000 GHz,256,6,N_Queens
10412032,44818432,7770112,16384,0,2232320,0,Intel(R) Xeon(R) Gold 6330 CPU @ 2.00GHz,GenuineIntel,X86_64,56,73400320,44040192,2.0000 GHz,2.0000 GHz,256,6,N_Queens
10412032,44818432,7770112,16384,0,2232320,0,Intel(R) Xeon(R) Gold 6330 CPU @ 2.00GHz,GenuineIntel,X86_64,56,73400320,44040192,2.0000 GHz,2.0000 GHz,256,6,N_Queens
10412032,44818432,7770112,16384,0,2232320,0,Intel(R) Xeon(R) Gold 6330 CPU @ 2.00GHz,GenuineIntel,X86_64,56,73400320,44040192,2.0000 GHz,2.0000 GHz,256,6,N_Queens
10412032,44818432,7770112,16384,0,2232320,0,Intel(R) Xeon(R) Gold 6330 CPU @ 2.00GHz,GenuineIntel,X86_64,56,73400320,44040192,2.0000 GHz,2.0000 GHz,256,6,N_Queens
10412032,44818432,7770112,16384,0,2232320,0,Intel(R) Xeon(R) Gold 6330 CPU @ 2.00GHz,GenuineIntel,X86_64,56,73400320,44040192,2.0000 GHz,2.0000 GHz,256,6,N_Queens
10412032,44818432,7770112,16384,0,2232320,0,Intel(R) Xeon(R) Gold 6330 CPU @ 2.00GHz,GenuineIntel,X86_64,56,73400320,44040192,2.0000 GHz,2.0000 GHz,256,6,N_Queens
10412032,44818432,7770112,16384,0,2232320,0,Intel(R) Xeon(R) Gold 6330 CPU @ 2.00GHz,GenuineIntel,X86_64,56,73400320,44040192,2.0000 GHz,2.0000 GHz,256,6,N_Queens
10412032,44818432,7770112,16384,0,2232320,0,Intel(R) Xeon(R) Gold 6330 CPU @ 2.00GHz,GenuineIntel,X86_64,56,73400320,44040192,2.0000 GHz,2.0000 GHz,256,6,N_Queens
10412032,44818432,7770112,16384,0,2232320,0,Intel(R) Xeon(R) Gold 6330 CPU @ 2.00GHz,GenuineIntel,X86_64,56,73400320,44040192,2.0000 GHz,2.0000 GHz,256,6,N_Queens
10412032,44818432,7770112,16384,0,2232320,0,Intel(R) Xeon(R) Gold 6330 CPU @ 2.00GHz,GenuineIntel,X86_64,56,73400320,44040192,2.0000 GHz,2.0000 GHz,256,6,N_Queens
10412032,44818432,7770112,16384,0,2232320,0,Intel(R) Xeon(R) Gold 6330 CPU @ 2.00GHz,GenuineIntel,X86_64,56,73400320,44040192,2.0000 GHz,2.0000 GHz,256,6,N_Queens
10412032,44818432,7770112,16384,0,2232320,0,Intel(R) Xeon(R) Gold 6330 CPU @ 2.00GHz,GenuineIntel,X86_64,56,73400320,44040192,2.0000 GHz,2.0000 GHz,256,6,N_Queens
10412032,44818432,7770112,16384,0,2232320,0,Intel(R) Xeon(R) Gold 6330 CPU @ 2.00GHz,GenuineIntel,X86_64,56,73400320,44040192,2.0000 GHz,2.0000 GHz,256,6,N_Queens
10412032,44818432,7770112,16384,0,2232320,0,Intel(R) Xeon(R) Gold 6330 CPU @ 2.00GHz,GenuineIntel,X86_64,56,73400320,44040192,2.0000 GHz,2.0000 GHz,256,6,N_Queens
10412032,44818432,7770112,16384,0,2232320,0,Intel(R) Xeon(R) Gold 6330 CPU @ 2.00GHz,GenuineIntel,X86_64,56,73400320,44040192,2.0000 GHz,2.0000 GHz,256,6,N_Queens
10412032,44818432,7770112,16384,0,2232320,0,Intel(R) Xeon(R) Gold 6330 CPU @ 2.00GHz,GenuineIntel,X86_64,56,73400320,44040192,2.0000 GHz,2.0000 GHz,256,6,N_Queens
10412032,44818432,7770112,16384,0,2232320,0,Intel(R) Xeon(R) Gold 6330 CPU @ 2.00GHz,GenuineIntel,X86_64,56,73400320,44040192,2.0000 GHz,2.0000 GHz,256,6,N_Queens
10412032,44818432,7770112,16384,0,2232320,0,Intel(R) Xeon(R) Gold 6330 CPU @ 2.00GHz,GenuineIntel,X86_64,56,73400320,44040192,2.0000 GHz,2.0000 GHz,256,6,N_Queens
10412032,44818432,7770112,16384,0,2232320,0,Intel(R) Xeon(R) Gold 6330 CPU @ 2.00GHz,GenuineIntel,X86_64,56,73400320,44040192,2.0000 GHz,2.0000 GHz,256,6,N_Queens
10412032,44818432,7770112,16384,0,2232320,0,Intel(R) Xeon(R) Gold 6330 CPU @ 2.00GHz,GenuineIntel,X86_64,56,73400320,44040192,2.0000 GHz,2.0000 GHz,256,6,N_Queens
10412032,44818432,7770112,16384,0,2232320,0,Intel(R) Xeon(R) Gold 6330 CPU @ 2.00GHz,GenuineIntel,X86_64,56,73400320,44040192,2.0000 GHz,2.0000 GHz,256,6,N_Queens
10412032,44818432,7770112,16384,0,2232320,0,Intel(R) Xeon(R) Gold 6330 CPU @ 2.00GHz,GenuineIntel,X86_64,56,73400320,44040192,2.0000 GHz,2.0000 GHz,256,6,N_Queens
10412032,44818432,7770112,16384,0,2232320,0,Intel(R) Xeon(R) Gold 6330 CPU @ 2.00GHz,GenuineIntel,X86_64,56,73400320,44040192,2.0000 GHz,2.0000 GHz,256,6,N_Queens
10412032,44818432,7770112,16384,0,2232320,0,Intel(R) Xeon(R) Gold 6330 CPU @ 2.00GHz,GenuineIntel,X86_64,56,73400320,44040192,2.0000 GHz,2.0000 GHz,256,6,N_Queens
10412032,44818432,7770112,16384,0,2232320,0,Intel(R) Xeon(R) Gold 6330 CPU @ 2.00GHz,GenuineIntel,X86_64,56,73400320,44040192,2.0000 GHz,2.0000 GHz,256,6,N_Queens
10412032,44818432,7770112,16384,0,2232320,0,Intel(R) Xeon(R) Gold 6330 CPU @ 2.00GHz,GenuineIntel,X86_64,56,73400320,44040192,2.0000 GHz,2.0000 GHz,256,6,N_Queens
10412032,44818432,7770112,16384,0,2232320,0,Intel(R) Xeon(R) Gold 6330 CPU @ 2.00GHz,GenuineIntel,X86_64,56,73400320,44040192,2.0000 GHz,2.0000 GHz,256,6,N_Queens
10412032,44818432,7770112,16384,0,2232320,0,Intel(R) Xeon(R) Gold 6330 CPU @ 2.00GHz,GenuineIntel,X86_64,56,73400320,44040192,2.0000 GHz,2.0000 GHz,256,6,N_Queens
10412032,44818432,7770112,16384,0,2232320,0,Intel(R) Xeon(R) Gold 6330 CPU @ 2.00GHz,GenuineIntel,X86_64,56,73400320,44040192,2.0000 GHz,2.0000 GHz,256,6,N_Queens
10412032,44818432,7770112,16384,0,2232320,0,Intel(R) Xeon(R) Gold 6330 CPU @ 2.00GHz,GenuineIntel,X86_64,56,73400320,44040192,2.0000 GHz,2.0000 GHz,256,6,N_Queens
10412032,44818432,7770112,16384,0,2232320,0,Intel(R) Xeon(R) Gold 6330 CPU @ 2.00GHz,GenuineIntel,X86_64,56,73400320,44040192,2.0000 GHz,2.0000 GHz,256,6,N_Queens
10412032,44818432,7770112,16384,0,2232320,0,Intel(R) Xeon(R) Gold 6330 CPU @ 2.00GHz,GenuineIntel,X86_64,56,73400320,44040192,2.0000 GHz,2.0000 GHz,256,6,N_Queens
10412032,44818432,7770112,16384,0,2232320,0,Intel(R) Xeon(R) Gold 6330 CPU @ 2.00GHz,GenuineIntel,X86_64,56,73400320,44040192,2.0000 GHz,2.0000 GHz,256,6,N_Queens
10412032,44818432,7770112,16384,0,2232320,0,Intel(R) Xeon(R) Gold 6330 CPU @ 2.00GHz,GenuineIntel,X86_64,56,73400320,44040192,2.0000 GHz,2.0000 GHz,256,6,N_Queens
10412032,44818432,7770112,16384,0,2232320,0,Intel(R) Xeon(R) Gold 6330 CPU @ 2.00GHz,GenuineIntel,X86_64,56,73400320,44040192,2.0000 GHz,2.0000 GHz,256,6,N_Queens
10412032,44818432,7770112,16384,0,2232320,0,Intel(R) Xeon(R) Gold 6330 CPU @ 2.00GHz,GenuineIntel,X86_64,56,73400320,44040192,2.0000 GHz,2.0000 GHz,256,6,N_Queens
10412032,44818432,7770112,16384,0,2232320,0,Intel(R) Xeon(R) Gold 6330 CPU @ 2.00GHz,GenuineIntel,X86_64,56,73400320,44040192,2.0000 GHz,2.0000 GHz,256,6,N_Queens
10412032,44818432,7770112,16384,0,2232320,0,Intel(R) Xeon(R) Gold 6330 CPU @ 2.00GHz,GenuineIntel,X86_64,56,73400320,44040192,2.0000 GHz,2.0000 GHz,256,6,N_Queens
10412032,44818432,7770112,16384,0,2232320,0,Intel(R) Xeon(R) Gold 6330 CPU @ 2.00GHz,GenuineIntel,X86_64,56,73400320,44040192,2.0000 GHz,2.0000 GHz,256,6,N_Queens
10412032,44818432,7770112,16384,0,2232320,0,Intel(R) Xeon(R) Gold 6330 CPU @ 2.00GHz,GenuineIntel,X86_64,56,73400320,44040192,2.0000 GHz,2.0000 GHz,256,6,N_Queens
10412032,44818432,7770112,16384,0,2232320,0,Intel(R) Xeon(R) Gold 6330 CPU @ 2.00GHz,GenuineIntel,X86_64,56,73400320,44040192,2.0000 GHz,2.0000 GHz,256,6,N_Queens
10412032,44818432,7770112,16384,0,2232320,0,Intel(R) Xeon(R) Gold 6330 CPU @ 2.00GHz,GenuineIntel,X86_64,56,73400320,44040192,2.0000 GHz,2.0000 GHz,256,6,N_Queens
10412032,44818432,7770112,16384,0,2232320,0,Intel(R) Xeon(R) Gold 6330 CPU @ 2.00GHz,GenuineIntel,X86_64,56,73400320,44040192,2.0000 GHz,2.0000 GHz,256,6,N_Queens
10412032,44818432,7770112,16384,0,2232320,0,Intel(R) Xeon(R) Gold 6330 CPU @ 2.00GHz,GenuineIntel,X86_64,56,73400320,44040192,2.0000 GHz,2.0000 GHz,256,6,N_Queens
10412032,44818432,7770112,16384,0,2232320,0,Intel(R) Xeon(R) Gold 6330 CPU @ 2.00GHz,GenuineIntel,X86_64,56,73400320,44040192,2.0000 GHz,2.0000 GHz,256,6,N_Queens
10412032,44818432,7770112,16384,0,2232320,0,Intel(R) Xeon(R) Gold 6330 CPU @ 2.00GHz,GenuineIntel,X86_64,56,73400320,44040192,2.0000 GHz,2.0000 GHz,256,6,N_Queens
10412032,44818432,7770112,16384,0,2232320,0,Intel(R) Xeon(R) Gold 6330 CPU @ 2.00GHz,GenuineIntel,X86_64,56,73400320,44040192,2.0000 GHz,2.0000 GHz,256,6,N_Queens
10412032,44818432,7770112,16384,0,2232320,0,Intel(R) Xeon(R) Gold 6330 CPU @ 2.00GHz,GenuineIntel,X86_64,56,73400320,44040192,2.0000 GHz,2.0000 GHz,256,6,N_Queens
10412032,44818432,7770112,16384,0,2232320,0,Intel(R) Xeon(R) Gold 6330 CPU @ 2.00GHz,GenuineIntel,X86_64,56,73400320,44040192,2.0000 GHz,2.0000 GHz,256,6,N_Queens
10412032,44818432,7770112,16384,0,2232320,0,Intel(R) Xeon(R) Gold 6330 CPU @ 2.00GHz,GenuineIntel,X86_64,56,73400320,44040192,2.0000 GHz,2.0000 GHz,256,6,N_Queens
10412032,44818432,7770112,16384,0,2232320,0,Intel(R) Xeon(R) Gold 6330 CPU @ 2.00GHz,GenuineIntel,X86_64,56,73400320,44040192,2.0000 GHz,2.0000 GHz,256,6,N_Queens
10412032,44818432,7770112,16384,0,2232320,0,Intel(R) Xeon(R) Gold 6330 CPU @ 2.00GHz,GenuineIntel,X86_64,56,73400320,44040192,2.0000 GHz,2.0000 GHz,256,6,N_Queens
10412032,44818432,7770112,16384,0,2232320,0,Intel(R) Xeon(R) Gold 6330 CPU @ 2.00GHz,GenuineIntel,X86_64,56,73400320,44040192,2.0000 GHz,2.0000 GHz,256,6,N_Queens
10412032,44818432,7770112,16384,0,2232320,0,Intel(R) Xeon(R) Gold 6330 CPU @ 2.00GHz,GenuineIntel,X86_64,56,73400320,44040192,2.0000 GHz,2.0000 GHz,256,6,N_Queens
10412032,44818432,7770112,16384,0,2232320,0,Intel(R) Xeon(R) Gold 6330 CPU @ 2.00GHz,GenuineIntel,X86_64,56,73400320,44040192,2.0000 GHz,2.0000 GHz,256,6,N_Queens
10412032,44818432,7770112,16384,0,2232320,0,Intel(R) Xeon(R) Gold 6330 CPU @ 2.00GHz,GenuineIntel,X86_64,56,73400320,44040192,2.0000 GHz,2.0000 GHz,256,6,N_Queens
10412032,44818432,7770112,16384,0,2232320,0,Intel(R) Xeon(R) Gold 6330 CPU @ 2.00GHz,GenuineIntel,X86_64,56,73400320,44040192,2.0000 GHz,2.0000 GHz,256,6,N_Queens
10412032,44818432,7770112,16384,0,2232320,0,Intel(R) Xeon(R) Gold 6330 CPU @ 2.00GHz,GenuineIntel,X86_64,56,73400320,44040192,2.0000 GHz,2.0000 GHz,256,6,N_Queens
10412032,44818432,7770112,16384,0,2232320,0,Intel(R) Xeon(R) Gold 6330 CPU @ 2.00GHz,GenuineIntel,X86_64,56,73400320,44040192,2.0000 GHz,2.0000 GHz,256,6,N_Queens
10412032,44818432,7770112,16384,0,2232320,0,Intel(R) Xeon(R) Gold 6330 CPU @ 2.00GHz,GenuineIntel,X86_64,56,73400320,44040192,2.0000 GHz,2.0000 GHz,256,6,N_Queens
10412032,44818432,7770112,16384,0,2232320,0,Intel(R) Xeon(R) Gold 6330 CPU @ 2.00GHz,GenuineIntel,X86_64,56,73400320,44040192,2.0000 GHz,2.0000 GHz,256,6,N_Queens
10412032,44818432,7770112,16384,0,2232320,0,Intel(R) Xeon(R) Gold 6330 CPU @ 2.00GHz,GenuineIntel,X86_64,56,73400320,44040192,2.0000 GHz,2.0000 GHz,256,6,N_Queens
10412032,44818432,7770112,16384,0,2232320,0,Intel(R) Xeon(R) Gold 6330 CPU @ 2.00GHz,GenuineIntel,X86_64,56,73400320,44040192,2.0000 GHz,2.0000 GHz,256,6,N_Queens
10412032,44818432,7770112,16384,0,2232320,0,Intel(R) Xeon(R) Gold 6330 CPU @ 2.00GHz,GenuineIntel,X86_64,56,73400320,44040192,2.0000 GHz,2.0000 GHz,256,6,N_Queens
10412032,44818432,7770112,16384,0,2232320,0,Intel(R) Xeon(R) Gold 6330 CPU @ 2.00GHz,GenuineIntel,X86_64,56,73400320,44040192,2.0000 GHz,2.0000 GHz,256,6,N_Queens
10412032,44818432,7770112,16384,0,2232320,0,Intel(R) Xeon(R) Gold 6330 CPU @ 2.00GHz,GenuineIntel,X86_64,56,73400320,44040192,2.0000 GHz,2.0000 GHz,256,6,N_Queens
10412032,44818432,7770112,16384,0,2232320,0,Intel(R) Xeon(R) Gold 6330 CPU @ 2.00GHz,GenuineIntel,X86_64,56,73400320,44040192,2.0000 GHz,2.0000 GHz,256,6,N_Queens
10412032,44818432,7770112,16384,0,2232320,0,Intel(R) Xeon(R) Gold 6330 CPU @ 2.00GHz,GenuineIntel,X86_64,56,73400320,44040192,2.0000 GHz,2.0000 GHz,256,6,N_Queens
10412032,44818432,7770112,16384,0,2232320,0,Intel(R) Xeon(R) Gold 6330 CPU @ 2.00GHz,GenuineIntel,X86_64,56,73400320,44040192,2.0000 GHz,2.0000 GHz,256,6,N_Queens
552960,43020288,417792,131072,0,274432,0,Intel(R) Xeon(R) Gold 6330 CPU @ 2.00GHz,GenuineIntel,X86_64,56,73400320,44040192,2.0000 GHz,2.0000 GHz,256,6,TSP
26673152,59658240,9601024,131072,0,16932864,0,Intel(R) Xeon(R) Gold 6330 CPU @ 2.00GHz,GenuineIntel,X86_64,56,73400320,44040192,2.0000 GHz,2.0000 GHz,256,6,TSP
26673152,59658240,9601024,131072,0,16932864,0,Intel(R) Xeon(R) Gold 6330 CPU @ 2.00GHz,GenuineIntel,X86_64,56,73400320,44040192,2.0000 GHz,2.0000 GHz,256,6,TSP
26673152,59850752,9601024,131072,0,17125376,0,Intel(R) Xeon(R) Gold 6330 CPU @ 2.00GHz,GenuineIntel,X86_64,56,73400320,44040192,2.0000 GHz,2.0000 GHz,256,6,TSP
26673152,59850752,9601024,131072,0,17125376,0,Intel(R) Xeon(R) Gold 6330 CPU @ 2.00GHz,GenuineIntel,X86_64,56,73400320,44040192,2.0000 GHz,2.0000 GHz,256,6,TSP
26673152,59850752,9601024,131072,0,17125376,0,Intel(R) Xeon(R) Gold 6330 CPU @ 2.00GHz,GenuineIntel,X86_64,56,73400320,44040192,2.0000 GHz,2.0000 GHz,256,6,TSP
26673152,59850752,9601024,131072,0,17125376,0,Intel(R) Xeon(R) Gold 6330 CPU @ 2.00GHz,GenuineIntel,X86_64,56,73400320,44040192,2.0000 GHz,2.0000 GHz,256,6,TSP
26673152,59850752,9601024,131072,0,17125376,0,Intel(R) Xeon(R) Gold 6330 CPU @ 2.00GHz,GenuineIntel,X86_64,56,73400320,44040192,2.0000 GHz,2.0000 GHz,256,6,TSP
26673152,59850752,9601024,131072,0,17125376,0,Intel(R) Xeon(R) Gold 6330 CPU @ 2.00GHz,GenuineIntel,X86_64,56,73400320,44040192,2.0000 GHz,2.0000 GHz,256,6,TSP
26673152,59850752,9601024,131072,0,17125376,0,Intel(R) Xeon(R) Gold 6330 CPU @ 2.00GHz,GenuineIntel,X86_64,56,73400320,44040192,2.0000 GHz,2.0000 GHz,256,6,TSP
26673152,59850752,9601024,131072,0,17125376,0,Intel(R) Xeon(R) Gold 6330 CPU @ 2.00GHz,GenuineIntel,X86_64,56,73400320,44040192,2.0000 GHz,2.0000 GHz,256,6,TSP
26673152,59850752,9601024,131072,0,17125376,0,Intel(R) Xeon(R) Gold 6330 CPU @ 2.00GHz,GenuineIntel,X86_64,56,73400320,44040192,2.0000 GHz,2.0000 GHz,256,6,TSP
26673152,59850752,9601024,131072,0,17125376,0,Intel(R) Xeon(R) Gold 6330 CPU @ 2.00GHz,GenuineIntel,X86_64,56,73400320,44040192,2.0000 GHz,2.0000 GHz,256,6,TSP
26673152,59850752,9601024,131072,0,17125376,0,Intel(R) Xeon(R) Gold 6330 CPU @ 2.00GHz,GenuineIntel,X86_64,56,73400320,44040192,2.0000 GHz,2.0000 GHz,256,6,TSP
26673152,59850752,9601024,131072,0,17125376,0,Intel(R) Xeon(R) Gold 6330 CPU @ 2.00GHz,GenuineIntel,X86_64,56,73400320,44040192,2.0000 GHz,2.0000 GHz,256,6,TSP
26673152,59850752,9601024,131072,0,17125376,0,Intel(R) Xeon(R) Gold 6330 CPU @ 2.00GHz,GenuineIntel,X86_64,56,73400320,44040192,2.0000 GHz,2.0000 GHz,256,6,TSP
26673152,59850752,9601024,131072,0,17125376,0,Intel(R) Xeon(R) Gold 6330 CPU @ 2.00GHz,GenuineIntel,X86_64,56,73400320,44040192,2.0000 GHz,2.0000 GHz,256,6,TSP
26673152,59850752,9601024,131072,0,17125376,0,Intel(R) Xeon(R) Gold 6330 CPU @ 2.00GHz,GenuineIntel,X86_64,56,73400320,44040192,2.0000 GHz,2.0000 GHz,256,6,TSP
26673152,59850752,9601024,131072,0,17125376,0,Intel(R) Xeon(R) Gold 6330 CPU @ 2.00GHz,GenuineIntel,X86_64,56,73400320,44040192,2.0000 GHz,2.0000 GHz,256,6,TSP
26673152,59850752,9601024,131072,0,17125376,0,Intel(R) Xeon(R) Gold 6330 CPU @ 2.00GHz,GenuineIntel,X86_64,56,73400320,44040192,2.0000 GHz,2.0000 GHz,256,6,TSP
26673152,59850752,9601024,131072,0,17125376,0,Intel(R) Xeon(R) Gold 6330 CPU @ 2.00GHz,GenuineIntel,X86_64,56,73400320,44040192,2.0000 GHz,2.0000 GHz,256,6,TSP
26673152,59850752,9601024,131072,0,17125376,0,Intel(R) Xeon(R) Gold 6330 CPU @ 2.00GHz,GenuineIntel,X86_64,56,73400320,44040192,2.0000 GHz,2.0000 GHz,256,6,TSP
26865664,59850752,9601024,131072,0,17125376,0,Intel(R) Xeon(R) Gold 6330 CPU @ 2.00GHz,GenuineIntel,X86_64,56,73400320,44040192,2.0000 GHz,2.0000 GHz,256,6,TSP
26865664,59850752,9601024,131072,0,17125376,0,Intel(R) Xeon(R) Gold 6330 CPU @ 2.00GHz,GenuineIntel,X86_64,56,73400320,44040192,2.0000 GHz,2.0000 GHz,256,6,TSP
26865664,59850752,9601024,131072,0,17125376,0,Intel(R) Xeon(R) Gold 6330 CPU @ 2.00GHz,GenuineIntel,X86_64,56,73400320,44040192,2.0000 GHz,2.0000 GHz,256,6,TSP
26865664,59850752,9601024,131072,0,17125376,0,Intel(R) Xeon(R) Gold 6330 CPU @ 2.00GHz,GenuineIntel,X86_64,56,73400320,44040192,2.0000 GHz,2.0000 GHz,256,6,TSP
26865664,59850752,9601024,131072,0,17125376,0,Intel(R) Xeon(R) Gold 6330 CPU @ 2.00GHz,GenuineIntel,X86_64,56,73400320,44040192,2.0000 GHz,2.0000 GHz,256,6,TSP
26865664,59850752,9601024,131072,0,17125376,0,Intel(R) Xeon(R) Gold 6330 CPU @ 2.00GHz,GenuineIntel,X86_64,56,73400320,44040192,2.0000 GHz,2.0000 GHz,256,6,TSP
26865664,59850752,9601024,131072,0,17125376,0,Intel(R) Xeon(R) Gold 6330 CPU @ 2.00GHz,GenuineIntel,X86_64,56,73400320,44040192,2.0000 GHz,2.0000 GHz,256,6,TSP
26865664,59850752,9601024,131072,0,17125376,0,Intel(R) Xeon(R) Gold 6330 CPU @ 2.00GHz,GenuineIntel,X86_64,56,73400320,44040192,2.0000 GHz,2.0000 GHz,256,6,TSP
26865664,59850752,9601024,131072,0,17125376,0,Intel(R) Xeon(R) Gold 6330 CPU @ 2.00GHz,GenuineIntel,X86_64,56,73400320,44040192,2.0000 GHz,2.0000 GHz,256,6,TSP
26865664,59850752,9601024,131072,0,17125376,0,Intel(R) Xeon(R) Gold 6330 CPU @ 2.00GHz,GenuineIntel,X86_64,56,73400320,44040192,2.0000 GHz,2.0000 GHz,256,6,TSP
26865664,59850752,9601024,131072,0,17125376,0,Intel(R) Xeon(R) Gold 6330 CPU @ 2.00GHz,GenuineIntel,X86_64,56,73400320,44040192,2.0000 GHz,2.0000 GHz,256,6,TSP
26865664,59850752,9601024,131072,0,17125376,0,Intel(R) Xeon(R) Gold 6330 CPU @ 2.00GHz,GenuineIntel,X86_64,56,73400320,44040192,2.0000 GHz,2.0000 GHz,256,6,TSP
26865664,59850752,9601024,131072,0,17125376,0,Intel(R) Xeon(R) Gold 6330 CPU @ 2.00GHz,GenuineIntel,X86_64,56,73400320,44040192,2.0000 GHz,2.0000 GHz,256,6,TSP
26865664,59850752,9601024,131072,0,17125376,0,Intel(R) Xeon(R) Gold 6330 CPU @ 2.00GHz,GenuineIntel,X86_64,56,73400320,44040192,2.0000 GHz,2.0000 GHz,256,6,TSP
26865664,59850752,9601024,131072,0,17125376,0,Intel(R) Xeon(R) Gold 6330 CPU @ 2.00GHz,GenuineIntel,X86_64,56,73400320,44040192,2.0000 GHz,2.0000 GHz,256,6,TSP
26865664,59850752,9601024,131072,0,17125376,0,Intel(R) Xeon(R) Gold 6330 CPU @ 2.00GHz,GenuineIntel,X86_64,56,73400320,44040192,2.0000 GHz,2.0000 GHz,256,6,TSP
26865664,59850752,9601024,131072,0,17125376,0,Intel(R) Xeon(R) Gold 6330 CPU @ 2.00GHz,GenuineIntel,X86_64,56,73400320,44040192,2.0000 GHz,2.0000 GHz,256,6,TSP
26865664,59850752,9601024,131072,0,17125376,0,Intel(R) Xeon(R) Gold 6330 CPU @ 2.00GHz,GenuineIntel,X86_64,56,73400320,44040192,2.0000 GHz,2.0000 GHz,256,6,TSP
26865664,59850752,9601024,131072,0,17125376,0,Intel(R) Xeon(R) Gold 6330 CPU @ 2.00GHz,GenuineIntel,X86_64,56,73400320,44040192,2.0000 GHz,2.0000 GHz,256,6,TSP
26865664,59850752,9601024,131072,0,17125376,0,Intel(R) Xeon(R) Gold 6330 CPU @ 2.00GHz,GenuineIntel,X86_64,56,73400320,44040192,2.0000 GHz,2.0000 GHz,256,6,TSP
26865664,59850752,9601024,131072,0,17125376,0,Intel(R) Xeon(R) Gold 6330 CPU @ 2.00GHz,GenuineIntel,X86_64,56,73400320,44040192,2.0000 GHz,2.0000 GHz,256,6,TSP
26865664,59850752,9601024,131072,0,17125376,0,Intel(R) Xeon(R) Gold 6330 CPU @ 2.00GHz,GenuineIntel,X86_64,56,73400320,44040192,2.0000 GHz,2.0000 GHz,256,6,TSP
26865664,59850752,9601024,131072,0,17125376,0,Intel(R) Xeon(R) Gold 6330 CPU @ 2.00GHz,GenuineIntel,X86_64,56,73400320,44040192,2.0000 GHz,2.0000 GHz,256,6,TSP
26865664,59850752,9601024,131072,0,17125376,0,Intel(R) Xeon(R) Gold 6330 CPU @ 2.00GHz,GenuineIntel,X86_64,56,73400320,44040192,2.0000 GHz,2.0000 GHz,256,6,TSP
26865664,59850752,9601024,131072,0,17125376,0,Intel(R) Xeon(R) Gold 6330 CPU @ 2.00GHz,GenuineIntel,X86_64,56,73400320,44040192,2.0000 GHz,2.0000 GHz,256,6,TSP
26865664,59850752,9601024,131072,0,17125376,0,Intel(R) Xeon(R) Gold 6330 CPU @ 2.00GHz,GenuineIntel,X86_64,56,73400320,44040192,2.0000 GHz,2.0000 GHz,256,6,TSP
26865664,59850752,9601024,131072,0,17125376,0,Intel(R) Xeon(R) Gold 6330 CPU @ 2.00GHz,GenuineIntel,X86_64,56,73400320,44040192,2.0000 GHz,2.0000 GHz,256,6,TSP
26865664,59850752,9601024,131072,0,17125376,0,Intel(R) Xeon(R) Gold 6330 CPU @ 2.00GHz,GenuineIntel,X86_64,56,73400320,44040192,2.0000 GHz,2.0000 GHz,256,6,TSP
26865664,59850752,9601024,131072,0,17125376,0,Intel(R) Xeon(R) Gold 6330 CPU @ 2.00GHz,GenuineIntel,X86_64,56,73400320,44040192,2.0000 GHz,2.0000 GHz,256,6,TSP
26865664,59850752,9601024,131072,0,17125376,0,Intel(R) Xeon(R) Gold 6330 CPU @ 2.00GHz,GenuineIntel,X86_64,56,73400320,44040192,2.0000 GHz,2.0000 GHz,256,6,TSP
26865664,59850752,9601024,131072,0,17125376,0,Intel(R) Xeon(R) Gold 6330 CPU @ 2.00GHz,GenuineIntel,X86_64,56,73400320,44040192,2.0000 GHz,2.0000 GHz,256,6,TSP
26865664,59850752,9601024,131072,0,17125376,0,Intel(R) Xeon(R) Gold 6330 CPU @ 2.00GHz,GenuineIntel,X86_64,56,73400320,44040192,2.0000 GHz,2.0000 GHz,256,6,TSP
26865664,59850752,9601024,131072,0,17125376,0,Intel(R) Xeon(R) Gold 6330 CPU @ 2.00GHz,GenuineIntel,X86_64,56,73400320,44040192,2.0000 GHz,2.0000 GHz,256,6,TSP
26865664,59850752,9601024,131072,0,17125376,0,Intel(R) Xeon(R) Gold 6330 CPU @ 2.00GHz,GenuineIntel,X86_64,56,73400320,44040192,2.0000 GHz,2.0000 GHz,256,6,TSP
26865664,59850752,9601024,131072,0,17125376,0,Intel(R) Xeon(R) Gold 6330 CPU @ 2.00GHz,GenuineIntel,X86_64,56,73400320,44040192,2.0000 GHz,2.0000 GHz,256,6,TSP
26865664,59850752,9601024,131072,0,17125376,0,Intel(R) Xeon(R) Gold 6330 CPU @ 2.00GHz,GenuineIntel,X86_64,56,73400320,44040192,2.0000 GHz,2.0000 GHz,256,6,TSP
26865664,59850752,9601024,131072,0,17125376,0,Intel(R) Xeon(R) Gold 6330 CPU @ 2.00GHz,GenuineIntel,X86_64,56,73400320,44040192,2.0000 GHz,2.0000 GHz,256,6,TSP
26865664,59850752,9601024,131072,0,17125376,0,Intel(R) Xeon(R) Gold 6330 CPU @ 2.00GHz,GenuineIntel,X86_64,56,73400320,44040192,2.0000 GHz,2.0000 GHz,256,6,TSP
26865664,59850752,9601024,131072,0,17125376,0,Intel(R) Xeon(R) Gold 6330 CPU @ 2.00GHz,GenuineIntel,X86_64,56,73400320,44040192,2.0000 GHz,2.0000 GHz,256,6,TSP
26865664,59850752,9601024,131072,0,17125376,0,Intel(R) Xeon(R) Gold 6330 CPU @ 2.00GHz,GenuineIntel,X86_64,56,73400320,44040192,2.0000 GHz,2.0000 GHz,256,6,TSP
26865664,59850752,9601024,131072,0,17125376,0,Intel(R) Xeon(R) Gold 6330 CPU @ 2.00GHz,GenuineIntel,X86_64,56,73400320,44040192,2.0000 GHz,2.0000 GHz,256,6,TSP
26865664,59850752,9601024,131072,0,17125376,0,Intel(R) Xeon(R) Gold 6330 CPU @ 2.00GHz,GenuineIntel,X86_64,56,73400320,44040192,2.0000 GHz,2.0000 GHz,256,6,TSP
26865664,59850752,9601024,131072,0,17125376,0,Intel(R) Xeon(R) Gold 6330 CPU @ 2.00GHz,GenuineIntel,X86_64,56,73400320,44040192,2.0000 GHz,2.0000 GHz,256,6,TSP
26865664,59850752,9601024,131072,0,17125376,0,Intel(R) Xeon(R) Gold 6330 CPU @ 2.00GHz,GenuineIntel,X86_64,56,73400320,44040192,2.0000 GHz,2.0000 GHz,256,6,TSP
26865664,59850752,9601024,131072,0,17125376,0,Intel(R) Xeon(R) Gold 6330 CPU @ 2.00GHz,GenuineIntel,X86_64,56,73400320,44040192,2.0000 GHz,2.0000 GHz,256,6,TSP
26865664,59850752,9601024,131072,0,17125376,0,Intel(R) Xeon(R) Gold 6330 CPU @ 2.00GHz,GenuineIntel,X86_64,56,73400320,44040192,2.0000 GHz,2.0000 GHz,256,6,TSP
26865664,59850752,9601024,131072,0,17125376,0,Intel(R) Xeon(R) Gold 6330 CPU @ 2.00GHz,GenuineIntel,X86_64,56,73400320,44040192,2.0000 GHz,2.0000 GHz,256,6,TSP
26865664,59850752,9601024,131072,0,17125376,0,Intel(R) Xeon(R) Gold 6330 CPU @ 2.00GHz,GenuineIntel,X86_64,56,73400320,44040192,2.0000 GHz,2.0000 GHz,256,6,TSP
26865664,59850752,9601024,131072,0,17125376,0,Intel(R) Xeon(R) Gold 6330 CPU @ 2.00GHz,GenuineIntel,X86_64,56,73400320,44040192,2.0000 GHz,2.0000 GHz,256,6,TSP
26865664,59850752,9601024,131072,0,17125376,0,Intel(R) Xeon(R) Gold 6330 CPU @ 2.00GHz,GenuineIntel,X86_64,56,73400320,44040192,2.0000 GHz,2.0000 GHz,256,6,TSP
26865664,59850752,9601024,131072,0,17125376,0,Intel(R) Xeon(R) Gold 6330 CPU @ 2.00GHz,GenuineIntel,X86_64,56,73400320,44040192,2.0000 GHz,2.0000 GHz,256,6,TSP
26865664,59850752,9601024,131072,0,17125376,0,Intel(R) Xeon(R) Gold 6330 CPU @ 2.00GHz,GenuineIntel,X86_64,56,73400320,44040192,2.0000 GHz,2.0000 GHz,256,6,TSP
26865664,59850752,9601024,131072,0,17125376,0,Intel(R) Xeon(R) Gold 6330 CPU @ 2.00GHz,GenuineIntel,X86_64,56,73400320,44040192,2.0000 GHz,2.0000 GHz,256,6,TSP
26865664,59850752,9601024,131072,0,17125376,0,Intel(R) Xeon(R) Gold 6330 CPU @ 2.00GHz,GenuineIntel,X86_64,56,73400320,44040192,2.0000 GHz,2.0000 GHz,256,6,TSP
26865664,59850752,9601024,131072,0,17125376,0,Intel(R) Xeon(R) Gold 6330 CPU @ 2.00GHz,GenuineIntel,X86_64,56,73400320,44040192,2.0000 GHz,2.0000 GHz,256,6,TSP
26865664,59850752,9601024,131072,0,17125376,0,Intel(R) Xeon(R) Gold 6330 CPU @ 2.00GHz,GenuineIntel,X86_64,56,73400320,44040192,2.0000 GHz,2.0000 GHz,256,6,TSP
26865664,59850752,9601024,131072,0,17125376,0,Intel(R) Xeon(R) Gold 6330 CPU @ 2.00GHz,GenuineIntel,X86_64,56,73400320,44040192,2.0000 GHz,2.0000 GHz,256,6,TSP
26865664,59850752,9601024,131072,0,17125376,0,Intel(R) Xeon(R) Gold 6330 CPU @ 2.00GHz,GenuineIntel,X86_64,56,73400320,44040192,2.0000 GHz,2.0000 GHz,256,6,TSP
26865664,59850752,9601024,131072,0,17125376,0,Intel(R) Xeon(R) Gold 6330 CPU @ 2.00GHz,GenuineIntel,X86_64,56,73400320,44040192,2.0000 GHz,2.0000 GHz,256,6,TSP
26865664,59850752,9601024,131072,0,17125376,0,Intel(R) Xeon(R) Gold 6330 CPU @ 2.00GHz,GenuineIntel,X86_64,56,73400320,44040192,2.0000 GHz,2.0000 GHz,256,6,TSP
26865664,59850752,9601024,131072,0,17125376,0,Intel(R) Xeon(R) Gold 6330 CPU @ 2.00GHz,GenuineIntel,X86_64,56,73400320,44040192,2.0000 GHz,2.0000 GHz,256,6,TSP
26865664,59850752,9601024,131072,0,17125376,0,Intel(R) Xeon(R) Gold 6330 CPU @ 2.00GHz,GenuineIntel,X86_64,56,73400320,44040192,2.0000 GHz,2.0000 GHz,256,6,TSP
26865664,59850752,9601024,131072,0,17125376,0,Intel(R) Xeon(R) Gold 6330 CPU @ 2.00GHz,GenuineIntel,X86_64,56,73400320,44040192,2.0000 GHz,2.0000 GHz,256,6,TSP
26865664,59850752,9601024,131072,0,17125376,0,Intel(R) Xeon(R) Gold 6330 CPU @ 2.00GHz,GenuineIntel,X86_64,56,73400320,44040192,2.0000 GHz,2.0000 GHz,256,6,TSP
26865664,59850752,9601024,131072,0,17125376,0,Intel(R) Xeon(R) Gold 6330 CPU @ 2.00GHz,GenuineIntel,X86_64,56,73400320,44040192,2.0000 GHz,2.0000 GHz,256,6,TSP
26865664,59850752,9601024,131072,0,17125376,0,Intel(R) Xeon(R) Gold 6330 CPU @ 2.00GHz,GenuineIntel,X86_64,56,73400320,44040192,2.0000 GHz,2.0000 GHz,256,6,TSP
26865664,59850752,9601024,131072,0,17125376,0,Intel(R) Xeon(R) Gold 6330 CPU @ 2.00GHz,GenuineIntel,X86_64,56,73400320,44040192,2.0000 GHz,2.0000 GHz,256,6,TSP
26865664,59850752,9601024,131072,0,17125376,0,Intel(R) Xeon(R) Gold 6330 CPU @ 2.00GHz,GenuineIntel,X86_64,56,73400320,44040192,2.0000 GHz,2.0000 GHz,256,6,TSP
26865664,59850752,9601024,131072,0,17125376,0,Intel(R) Xeon(R) Gold 6330 CPU @ 2.00GHz,GenuineIntel,X86_64,56,73400320,44040192,2.0000 GHz,2.0000 GHz,256,6,TSP
26865664,59850752,9601024,131072,0,17125376,0,Intel(R) Xeon(R) Gold 6330 CPU @ 2.00GHz,GenuineIntel,X86_64,56,73400320,44040192,2.0000 GHz,2.0000 GHz,256,6,TSP
26865664,59850752,9601024,131072,0,17125376,0,Intel(R) Xeon(R) Gold 6330 CPU @ 2.00GHz,GenuineIntel,X86_64,56,73400320,44040192,2.0000 GHz,2.0000 GHz,256,6,TSP
26865664,59850752,9601024,131072,0,17125376,0,Intel(R) Xeon(R) Gold 6330 CPU @ 2.00GHz,GenuineIntel,X86_64,56,73400320,44040192,2.0000 GHz,2.0000 GHz,256,6,TSP
258048,5812224,180224,8192,0,217088,0,Intel(R) Xeon(R) Gold 6330 CPU @ 2.00GHz,GenuineIntel,X86_64,56,73400320,44040192,2.0000 GHz,2.0000 GHz,256,6,MATRIX_MULT
902377472,2070577152,8228864,8192,0,2007715840,0,Intel(R) Xeon(R) Gold 6330 CPU @ 2.00GHz,GenuineIntel,X86_64,56,73400320,44040192,2.0000 GHz,2.0000 GHz,256,6,MATRIX_MULT
919949312,2070577152,8228864,8192,0,2007715840,0,Intel(R) Xeon(R) Gold 6330 CPU @ 2.00GHz,GenuineIntel,X86_64,56,73400320,44040192,2.0000 GHz,2.0000 GHz,256,6,MATRIX_MULT
939143168,2070577152,8228864,8192,0,2007715840,0,Intel(R) Xeon(R) Gold 6330 CPU @ 2.00GHz,GenuineIntel,X86_64,56,73400320,44040192,2.0000 GHz,2.0000 GHz,256,6,MATRIX_MULT
958337024,2070577152,8228864,8192,0,2007715840,0,Intel(R) Xeon(R) Gold 6330 CPU @ 2.00GHz,GenuineIntel,X86_64,56,73400320,44040192,2.0000 GHz,2.0000 GHz,256,6,MATRIX_MULT
978341888,2070577152,8228864,8192,0,2007715840,0,Intel(R) Xeon(R) Gold 6330 CPU @ 2.00GHz,GenuineIntel,X86_64,56,73400320,44040192,2.0000 GHz,2.0000 GHz,256,6,MATRIX_MULT
998076416,2070577152,8228864,8192,0,2007715840,0,Intel(R) Xeon(R) Gold 6330 CPU @ 2.00GHz,GenuineIntel,X86_64,56,73400320,44040192,2.0000 GHz,2.0000 GHz,256,6,MATRIX_MULT
1018892288,2070577152,8228864,8192,0,2007715840,0,Intel(R) Xeon(R) Gold 6330 CPU @ 2.00GHz,GenuineIntel,X86_64,56,73400320,44040192,2.0000 GHz,2.0000 GHz,256,6,MATRIX_MULT
1040248832,2070577152,8228864,8192,0,2007715840,0,Intel(R) Xeon(R) Gold 6330 CPU @ 2.00GHz,GenuineIntel,X86_64,56,73400320,44040192,2.0000 GHz,2.0000 GHz,256,6,MATRIX_MULT
1061605376,2070577152,8228864,8192,0,2007715840,0,Intel(R) Xeon(R) Gold 6330 CPU @ 2.00GHz,GenuineIntel,X86_64,56,73400320,44040192,2.0000 GHz,2.0000 GHz,256,6,MATRIX_MULT
1082691584,2070577152,8228864,8192,0,2007715840,0,Intel(R) Xeon(R) Gold 6330 CPU @ 2.00GHz,GenuineIntel,X86_64,56,73400320,44040192,2.0000 GHz,2.0000 GHz,256,6,MATRIX_MULT
1104048128,2070577152,8228864,8192,0,2007715840,0,Intel(R) Xeon(R) Gold 6330 CPU @ 2.00GHz,GenuineIntel,X86_64,56,73400320,44040192,2.0000 GHz,2.0000 GHz,256,6,MATRIX_MULT
1126756352,2070577152,8228864,8192,0,2007715840,0,Intel(R) Xeon(R) Gold 6330 CPU @ 2.00GHz,GenuineIntel,X86_64,56,73400320,44040192,2.0000 GHz,2.0000 GHz,256,6,MATRIX_MULT
1148653568,2070577152,8228864,8192,0,2007715840,0,Intel(R) Xeon(R) Gold 6330 CPU @ 2.00GHz,GenuineIntel,X86_64,56,73400320,44040192,2.0000 GHz,2.0000 GHz,256,6,MATRIX_MULT
1171087360,2070577152,8228864,8192,0,2007715840,0,Intel(R) Xeon(R) Gold 6330 CPU @ 2.00GHz,GenuineIntel,X86_64,56,73400320,44040192,2.0000 GHz,2.0000 GHz,256,6,MATRIX_MULT
1194336256,2070577152,8228864,8192,0,2007715840,0,Intel(R) Xeon(R) Gold 6330 CPU @ 2.00GHz,GenuineIntel,X86_64,56,73400320,44040192,2.0000 GHz,2.0000 GHz,256,6,MATRIX_MULT
1218396160,2070577152,8228864,8192,0,2007715840,0,Intel(R) Xeon(R) Gold 6330 CPU @ 2.00GHz,GenuineIntel,X86_64,56,73400320,44040192,2.0000 GHz,2.0000 GHz,256,6,MATRIX_MULT
1242185728,2070577152,8228864,8192,0,2007715840,0,Intel(R) Xeon(R) Gold 6330 CPU @ 2.00GHz,GenuineIntel,X86_64,56,73400320,44040192,2.0000 GHz,2.0000 GHz,256,6,MATRIX_MULT
1267597312,2070577152,8228864,8192,0,2007715840,0,Intel(R) Xeon(R) Gold 6330 CPU @ 2.00GHz,GenuineIntel,X86_64,56,73400320,44040192,2.0000 GHz,2.0000 GHz,256,6,MATRIX_MULT
1293008896,2070577152,8228864,8192,0,2007715840,0,Intel(R) Xeon(R) Gold 6330 CPU @ 2.00GHz,GenuineIntel,X86_64,56,73400320,44040192,2.0000 GHz,2.0000 GHz,256,6,MATRIX_MULT
1319501824,2070577152,8228864,8192,0,2007715840,0,Intel(R) Xeon(R) Gold 6330 CPU @ 2.00GHz,GenuineIntel,X86_64,56,73400320,44040192,2.0000 GHz,2.0000 GHz,256,6,MATRIX_MULT
1346535424,2070577152,8228864,8192,0,2007715840,0,Intel(R) Xeon(R) Gold 6330 CPU @ 2.00GHz,GenuineIntel,X86_64,56,73400320,44040192,2.0000 GHz,2.0000 GHz,256,6,MATRIX_MULT
1374650368,2070577152,8228864,8192,0,2007715840,0,Intel(R) Xeon(R) Gold 6330 CPU @ 2.00GHz,GenuineIntel,X86_64,56,73400320,44040192,2.0000 GHz,2.0000 GHz,256,6,MATRIX_MULT
1403035648,2070577152,8228864,8192,0,2007715840,0,Intel(R) Xeon(R) Gold 6330 CPU @ 2.00GHz,GenuineIntel,X86_64,56,73400320,44040192,2.0000 GHz,2.0000 GHz,256,6,MATRIX_MULT
1430339584,2070577152,8228864,8192,0,2007715840,0,Intel(R) Xeon(R) Gold 6330 CPU @ 2.00GHz,GenuineIntel,X86_64,56,73400320,44040192,2.0000 GHz,2.0000 GHz,256,6,MATRIX_MULT
1457643520,2070577152,8228864,8192,0,2007715840,0,Intel(R) Xeon(R) Gold 6330 CPU @ 2.00GHz,GenuineIntel,X86_64,56,73400320,44040192,2.0000 GHz,2.0000 GHz,256,6,MATRIX_MULT
1485758464,2070577152,8228864,8192,0,2007715840,0,Intel(R) Xeon(R) Gold 6330 CPU @ 2.00GHz,GenuineIntel,X86_64,56,73400320,44040192,2.0000 GHz,2.0000 GHz,256,6,MATRIX_MULT
1515225088,2070577152,8228864,8192,0,2007715840,0,Intel(R) Xeon(R) Gold 6330 CPU @ 2.00GHz,GenuineIntel,X86_64,56,73400320,44040192,2.0000 GHz,2.0000 GHz,256,6,MATRIX_MULT
1544691712,2070577152,8228864,8192,0,2007715840,0,Intel(R) Xeon(R) Gold 6330 CPU @ 2.00GHz,GenuineIntel,X86_64,56,73400320,44040192,2.0000 GHz,2.0000 GHz,256,6,MATRIX_MULT
1575510016,2070577152,8228864,8192,0,2007715840,0,Intel(R) Xeon(R) Gold 6330 CPU @ 2.00GHz,GenuineIntel,X86_64,56,73400320,44040192,2.0000 GHz,2.0000 GHz,256,6,MATRIX_MULT
1607139328,2070577152,8228864,8192,0,2007715840,0,Intel(R) Xeon(R) Gold 6330 CPU @ 2.00GHz,GenuineIntel,X86_64,56,73400320,44040192,2.0000 GHz,2.0000 GHz,256,6,MATRIX_MULT
1736986624,2904662016,8327168,8192,0,2841800704,0,Intel(R) Xeon(R) Gold 6330 CPU @ 2.00GHz,GenuineIntel,X86_64,56,73400320,44040192,2.0000 GHz,2.0000 GHz,256,6,MATRIX_MULT
2134794240,2904662016,8327168,8192,0,2841800704,0,Intel(R) Xeon(R) Gold 6330 CPU @ 2.00GHz,GenuineIntel,X86_64,56,73400320,44040192,2.0000 GHz,2.0000 GHz,256,6,MATRIX_MULT
2455203840,2904662016,8343552,8192,0,2841800704,0,Intel(R) Xeon(R) Gold 6330 CPU @ 2.00GHz,GenuineIntel,X86_64,56,73400320,44040192,2.0000 GHz,2.0000 GHz,256,6,MATRIX_MULT
2464784384,2904662016,8343552,8192,0,2841800704,0,Intel(R) Xeon(R) Gold 6330 CPU @ 2.00GHz,GenuineIntel,X86_64,56,73400320,44040192,2.0000 GHz,2.0000 GHz,256,6,MATRIX_MULT
2464784384,2904662016,8343552,8192,0,2841800704,0,Intel(R) Xeon(R) Gold 6330 CPU @ 2.00GHz,GenuineIntel,X86_64,56,73400320,44040192,2.0000 GHz,2.0000 GHz,256,6,MATRIX_MULT
2465640448,2904662016,8347648,8192,0,2841800704,0,Intel(R) Xeon(R) Gold 6330 CPU @ 2.00GHz,GenuineIntel,X86_64,56,73400320,44040192,2.0000 GHz,2.0000 GHz,256,6,MATRIX_MULT
2465640448,2904662016,8347648,8192,0,2841800704,0,Intel(R) Xeon(R) Gold 6330 CPU @ 2.00GHz,GenuineIntel,X86_64,56,73400320,44040192,2.0000 GHz,2.0000 GHz,256,6,MATRIX_MULT
2465640448,2904662016,8347648,8192,0,2841800704,0,Intel(R) Xeon(R) Gold 6330 CPU @ 2.00GHz,GenuineIntel,X86_64,56,73400320,44040192,2.0000 GHz,2.0000 GHz,256,6,MATRIX_MULT
2465640448,2904662016,8347648,8192,0,2841800704,0,Intel(R) Xeon(R) Gold 6330 CPU @ 2.00GHz,GenuineIntel,X86_64,56,73400320,44040192,2.0000 GHz,2.0000 GHz,256,6,MATRIX_MULT
2465640448,2904662016,8347648,8192,0,2841800704,0,Intel(R) Xeon(R) Gold 6330 CPU @ 2.00GHz,GenuineIntel,X86_64,56,73400320,44040192,2.0000 GHz,2.0000 GHz,256,6,MATRIX_MULT
2465640448,2904662016,8347648,8192,0,2841800704,0,Intel(R) Xeon(R) Gold 6330 CPU @ 2.00GHz,GenuineIntel,X86_64,56,73400320,44040192,2.0000 GHz,2.0000 GHz,256,6,MATRIX_MULT
2465640448,2904662016,8347648,8192,0,2841800704,0,Intel(R) Xeon(R) Gold 6330 CPU @ 2.00GHz,GenuineIntel,X86_64,56,73400320,44040192,2.0000 GHz,2.0000 GHz,256,6,MATRIX_MULT
2465640448,2904662016,8347648,8192,0,2841800704,0,Intel(R) Xeon(R) Gold 6330 CPU @ 2.00GHz,GenuineIntel,X86_64,56,73400320,44040192,2.0000 GHz,2.0000 GHz,256,6,MATRIX_MULT
2465640448,2904662016,8347648,8192,0,2841800704,0,Intel(R) Xeon(R) Gold 6330 CPU @ 2.00GHz,GenuineIntel,X86_64,56,73400320,44040192,2.0000 GHz,2.0000 GHz,256,6,MATRIX_MULT
2465640448,2904662016,8347648,8192,0,2841800704,0,Intel(R) Xeon(R) Gold 6330 CPU @ 2.00GHz,GenuineIntel,X86_64,56,73400320,44040192,2.0000 GHz,2.0000 GHz,256,6,MATRIX_MULT
2465640448,2904662016,8347648,8192,0,2841800704,0,Intel(R) Xeon(R) Gold 6330 CPU @ 2.00GHz,GenuineIntel,X86_64,56,73400320,44040192,2.0000 GHz,2.0000 GHz,256,6,MATRIX_MULT
2465640448,2904662016,8347648,8192,0,2841800704,0,Intel(R) Xeon(R) Gold 6330 CPU @ 2.00GHz,GenuineIntel,X86_64,56,73400320,44040192,2.0000 GHz,2.0000 GHz,256,6,MATRIX_MULT
2465640448,2904662016,8347648,8192,0,2841800704,0,Intel(R) Xeon(R) Gold 6330 CPU @ 2.00GHz,GenuineIntel,X86_64,56,73400320,44040192,2.0000 GHz,2.0000 GHz,256,6,MATRIX_MULT
2465640448,2904662016,8347648,8192,0,2841800704,0,Intel(R) Xeon(R) Gold 6330 CPU @ 2.00GHz,GenuineIntel,X86_64,56,73400320,44040192,2.0000 GHz,2.0000 GHz,256,6,MATRIX_MULT
2465640448,2904662016,8347648,8192,0,2841800704,0,Intel(R) Xeon(R) Gold 6330 CPU @ 2.00GHz,GenuineIntel,X86_64,56,73400320,44040192,2.0000 GHz,2.0000 GHz,256,6,MATRIX_MULT
2465640448,2904662016,8347648,8192,0,2841800704,0,Intel(R) Xeon(R) Gold 6330 CPU @ 2.00GHz,GenuineIntel,X86_64,56,73400320,44040192,2.0000 GHz,2.0000 GHz,256,6,MATRIX_MULT
2465640448,2904662016,8347648,8192,0,2841800704,0,Intel(R) Xeon(R) Gold 6330 CPU @ 2.00GHz,GenuineIntel,X86_64,56,73400320,44040192,2.0000 GHz,2.0000 GHz,256,6,MATRIX_MULT
2465640448,2904662016,8347648,8192,0,2841800704,0,Intel(R) Xeon(R) Gold 6330 CPU @ 2.00GHz,GenuineIntel,X86_64,56,73400320,44040192,2.0000 GHz,2.0000 GHz,256,6,MATRIX_MULT
2465640448,2904662016,8347648,8192,0,2841800704,0,Intel(R) Xeon(R) Gold 6330 CPU @ 2.00GHz,GenuineIntel,X86_64,56,73400320,44040192,2.0000 GHz,2.0000 GHz,256,6,MATRIX_MULT
2465640448,2904662016,8347648,8192,0,2841800704,0,Intel(R) Xeon(R) Gold 6330 CPU @ 2.00GHz,GenuineIntel,X86_64,56,73400320,44040192,2.0000 GHz,2.0000 GHz,256,6,MATRIX_MULT
2465640448,2904662016,8347648,8192,0,2841800704,0,Intel(R) Xeon(R) Gold 6330 CPU @ 2.00GHz,GenuineIntel,X86_64,56,73400320,44040192,2.0000 GHz,2.0000 GHz,256,6,MATRIX_MULT
2465640448,2904662016,8347648,8192,0,2841800704,0,Intel(R) Xeon(R) Gold 6330 CPU @ 2.00GHz,GenuineIntel,X86_64,56,73400320,44040192,2.0000 GHz,2.0000 GHz,256,6,MATRIX_MULT
2465640448,2904662016,8347648,8192,0,2841800704,0,Intel(R) Xeon(R) Gold 6330 CPU @ 2.00GHz,GenuineIntel,X86_64,56,73400320,44040192,2.0000 GHz,2.0000 GHz,256,6,MATRIX_MULT
2465640448,2904662016,8347648,8192,0,2841800704,0,Intel(R) Xeon(R) Gold 6330 CPU @ 2.00GHz,GenuineIntel,X86_64,56,73400320,44040192,2.0000 GHz,2.0000 GHz,256,6,MATRIX_MULT
2465640448,2904662016,8347648,8192,0,2841800704,0,Intel(R) Xeon(R) Gold 6330 CPU @ 2.00GHz,GenuineIntel,X86_64,56,73400320,44040192,2.0000 GHz,2.0000 GHz,256,6,MATRIX_MULT
2465640448,2904662016,8347648,8192,0,2841800704,0,Intel(R) Xeon(R) Gold 6330 CPU @ 2.00GHz,GenuineIntel,X86_64,56,73400320,44040192,2.0000 GHz,2.0000 GHz,256,6,MATRIX_MULT
2465640448,2904662016,8347648,8192,0,2841800704,0,Intel(R) Xeon(R) Gold 6330 CPU @ 2.00GHz,GenuineIntel,X86_64,56,73400320,44040192,2.0000 GHz,2.0000 GHz,256,6,MATRIX_MULT
2465640448,2904662016,8347648,8192,0,2841800704,0,Intel(R) Xeon(R) Gold 6330 CPU @ 2.00GHz,GenuineIntel,X86_64,56,73400320,44040192,2.0000 GHz,2.0000 GHz,256,6,MATRIX_MULT
2465640448,2904662016,8347648,8192,0,2841800704,0,Intel(R) Xeon(R) Gold 6330 CPU @ 2.00GHz,GenuineIntel,X86_64,56,73400320,44040192,2.0000 GHz,2.0000 GHz,256,6,MATRIX_MULT
2465640448,2904662016,8347648,8192,0,2841800704,0,Intel(R) Xeon(R) Gold 6330 CPU @ 2.00GHz,GenuineIntel,X86_64,56,73400320,44040192,2.0000 GHz,2.0000 GHz,256,6,MATRIX_MULT
2465640448,2904662016,8347648,8192,0,2841800704,0,Intel(R) Xeon(R) Gold 6330 CPU @ 2.00GHz,GenuineIntel,X86_64,56,73400320,44040192,2.0000 GHz,2.0000 GHz,256,6,MATRIX_MULT
2465640448,2904662016,8347648,8192,0,2841800704,0,Intel(R) Xeon(R) Gold 6330 CPU @ 2.00GHz,GenuineIntel,X86_64,56,73400320,44040192,2.0000 GHz,2.0000 GHz,256,6,MATRIX_MULT
2465640448,2904662016,8347648,8192,0,2841800704,0,Intel(R) Xeon(R) Gold 6330 CPU @ 2.00GHz,GenuineIntel,X86_64,56,73400320,44040192,2.0000 GHz,2.0000 GHz,256,6,MATRIX_MULT
2465640448,2904662016,8347648,8192,0,2841800704,0,Intel(R) Xeon(R) Gold 6330 CPU @ 2.00GHz,GenuineIntel,X86_64,56,73400320,44040192,2.0000 GHz,2.0000 GHz,256,6,MATRIX_MULT
2465640448,2904662016,8347648,8192,0,2841800704,0,Intel(R) Xeon(R) Gold 6330 CPU @ 2.00GHz,GenuineIntel,X86_64,56,73400320,44040192,2.0000 GHz,2.0000 GHz,256,6,MATRIX_MULT
2465640448,2904662016,8347648,8192,0,2841800704,0,Intel(R) Xeon(R) Gold 6330 CPU @ 2.00GHz,GenuineIntel,X86_64,56,73400320,44040192,2.0000 GHz,2.0000 GHz,256,6,MATRIX_MULT
2465640448,2904662016,8347648,8192,0,2841800704,0,Intel(R) Xeon(R) Gold 6330 CPU @ 2.00GHz,GenuineIntel,X86_64,56,73400320,44040192,2.0000 GHz,2.0000 GHz,256,6,MATRIX_MULT
2465640448,2904662016,8347648,8192,0,2841800704,0,Intel(R) Xeon(R) Gold 6330 CPU @ 2.00GHz,GenuineIntel,X86_64,56,73400320,44040192,2.0000 GHz,2.0000 GHz,256,6,MATRIX_MULT
2465640448,2904662016,8347648,8192,0,2841800704,0,Intel(R) Xeon(R) Gold 6330 CPU @ 2.00GHz,GenuineIntel,X86_64,56,73400320,44040192,2.0000 GHz,2.0000 GHz,256,6,MATRIX_MULT
2020225024,2904133632,8351744,8192,0,2841272320,0,Intel(R) Xeon(R) Gold 6330 CPU @ 2.00GHz,GenuineIntel,X86_64,56,73400320,44040192,2.0000 GHz,2.0000 GHz,256,6,MATRIX_MULT
863100928,1304129536,8351744,8192,0,1241268224,0,Intel(R) Xeon(R) Gold 6330 CPU @ 2.00GHz,GenuineIntel,X86_64,56,73400320,44040192,2.0000 GHz,2.0000 GHz,256,6,MATRIX_MULT
